"","hclust_2CI"
"1",2.18106217968076e-15
"2",1.65820760568651e-05
"3",1.14192106867429e-20
"4",4.75272985087515e-07
"5",3.19678800137877e-16
"6",4.31621374180363e-20
"7",1.6692840374436e-16
"8",0.000178475764615807
"9",4.26764104444597e-05
"10",1.13887635654363e-06
"11",4.30812321679097e-05
"12",1.4110558449538e-05
"13",5.60741314955092e-09
"14",5.35244760263232e-11
"15",1.0386261085117e-06
"16",0.000185789029536246
"17",0.000567249537341397
"18",1.42467469503294e-05
"19",0.000229681456823585
"20",3.18260099381748e-05
"21",2.76014308843493e-05
"22",0.00578987526341227
"23",0.0615412383566831
"24",0.0230361513092759
"25",0.00210697305256947
"26",0.018474974996476
"27",0.000382062946894967
"28",0.00122935628751271
"29",0.0633328783025543
"30",9.68866792795367e-08
"31",0.0137626284086115
"32",0.0249591359085828
"33",0.000965042182131559
"34",0.0418739492958287
"35",0.000179876143796998
"36",0.0235969394827017
"37",0.000353857077129742
"38",0.00346116288162157
"39",0.0397433851900405
"40",0.0118878881071272
"41",0.00126732189472343
"42",0.00159569118872008
"43",0.0143039853399014
"44",3.00251490391297e-05
"45",0.00836137977938071
"46",0.00554364045752684
"47",1.07223740031816e-05
"48",0.0360493657414134
"49",0.00789713012462545
"50",0.0900083898501055
"51",0.0303511331461009
"52",0.0305918183670638
"53",0.00512062063935278
"54",0.342263235775463
"55",0.0268297018328989
"56",0.09532174506767
"57",0.000167752335321413
"58",0.013414221737519
"59",0.0936061979486867
"60",0.0186537835733276
"61",0.00283785043287079
"62",0.034244843715933
"63",0.125283669455518
"64",0.128941359394037
"65",0.0637502960362315
"66",2.3987319162542e-06
"67",0.00689379481855293
"68",0.00485263947176813
"69",0.0478951984378439
"70",0.340897494773216
"71",0.000977265324146485
"72",0.0218368125603008
"73",0.0316216997576106
"74",0.143884684339752
"75",0.0138867687330993
"76",0.0637504577612752
"77",0.0159524327844895
"78",0.0129992109618013
"79",0.123567268666603
"80",0.0239047207278798
"81",0.000398414974979782
"82",4.07169403050157e-07
"83",0.228162294359836
"84",0.0555924227352978
"85",0.404858517625397
"86",0.171459537535338
"87",0.00898907898928402
"88",0.132105772697649
"89",0.0826953209412849
"90",0.127647429225493
"91",0.00334472053124169
"92",0.00992418798658852
"93",0.107099240335057
"94",0.0519601533012555
"95",0.231720243412247
"96",0.241792326141387
"97",2.1543086032711e-06
"98",0.0824581760038738
"99",0.0982056019729512
"100",0.180592876406936
"101",0.112183304091262
"102",0.255411458303003
"103",0.0430888302536631
"104",1.85279440494466e-05
"105",0.13462680459097
"106",0.0403289952209437
"107",0.511478732474823
"108",0.272467871893726
"109",0.0777246826259997
"110",8.69622959151535e-06
"111",0.0213110958389172
"112",0.784245774805534
"113",0.0362248091298465
"114",0.0684884327230174
"115",0.0773375894300936
"116",0.374102486817192
"117",0.0491185456743036
"118",0.127349683246295
"119",0.0159150370571447
"120",0.482711100776158
"121",0.533566682385205
"122",0.307569536306495
"123",0.0508637316367262
"124",4.54430012991352e-08
"125",0.419918705558567
"126",0.02978999227436
"127",0.141299939555943
"128",0.137499897465606
"129",0.280658297456878
"130",0.135751530258663
"131",0.034355439896359
"132",0.118573699232186
"133",0.555115123150651
"134",0.00353136109281703
"135",0.0163154326412917
"136",0.110183641495398
"137",0.0391367637616466
"138",0.18470619630833
"139",0.0505589052864463
"140",0.0662971016985356
"141",0.0441920741524894
"142",0.0097558685719495
"143",0.771064545065065
"144",5.9192420002454e-06
"145",0.362414951545232
"146",0.31555445652262
"147",0.319045326057971
"148",0.0731254470270754
"149",0.239262228713673
"150",0.407823152203211
"151",0.000416256087750251
"152",0.242249531865259
"153",0.233286177672636
"154",0.586418431557052
"155",8.03984989356578e-05
"156",0.381837132626914
"157",0.187782568397168
"158",0.469370439458185
"159",0.480327572638903
"160",0.323028100717765
"161",0.802700514459807
"162",0.32860134199382
"163",0.123341877285606
"164",0.238754479478987
"165",0.0239496011693501
"166",0.132878943830577
"167",0.183412581771094
"168",0.102573166509568
"169",0.0748580370390843
"170",0.196923789215142
"171",0.310345798447621
"172",0.24362749355452
"173",0.272982535988746
"174",0.195114589633254
"175",0.5787961460229
"176",0.817797081823503
"177",0.502201631014418
"178",0.0399371459653061
"179",0.159753666123485
"180",0.665819132835544
"181",0.0124519678786144
"182",0.173299200303374
"183",0.295360280505197
"184",0.363480719886336
"185",0.583727452012187
"186",0.564675380827088
"187",4.92800904776751e-06
"188",0.163638371885094
"189",0.779758084211338
"190",0.633953672636387
"191",0.0921051736626898
"192",0.0653943568441242
"193",0.330978177376815
"194",0.765209237388267
"195",0.0897284715791593
"196",0.221210066145265
"197",0.312828980541242
"198",0.228842273540464
"199",0.177345760832403
"200",0.337149523268209
"201",0.349628041285047
"202",0.218067640520618
"203",0.196074321361628
"204",0.639983383417637
"205",0.358715476252448
"206",0.322330634556492
"207",0.130615633540715
"208",0.525614480842981
"209",0.586958675214627
"210",0.347704342086534
"211",0.629322595075229
"212",0.0530038880078184
"213",0.383431768224423
"214",0.336896517056822
"215",0.240177245268793
"216",0.462550650431014
"217",0.357036859977009
"218",0.00402626476007271
"219",3.01982641232031e-11
"220",0.172410213585918
"221",0.54028619041333
"222",0.22329619050643
"223",0.493599849726795
"224",0.0777093043595875
"225",0.0741478642351458
"226",2
"227",0.350651033667294
"228",0.769303314166708
"229",0.690172469948353
"230",2
"231",0.0989568795274271
"232",0.173367421047937
"233",0.404307683013061
"234",0.336527624598906
"235",0.06919719027311
"236",0.231387495475683
"237",0.240898741659523
"238",0.153394601330899
"239",0.856981882856781
"240",0.956062574405454
"241",0.299872713069306
"242",0.346329177831403
"243",0.887572606104612
"244",0.542105721716357
"245",0.529185802765442
"246",0.628973660658737
"247",0.327318796586879
"248",0.518830348371877
"249",0.734317456903024
"250",0.514053026677459
"251",2
"252",0.437436236248695
"253",0.333671009992391
"254",0.200567486995661
"255",0.22091914532619
"256",0.589983556854139
"257",0.461275152447618
"258",2
"259",0.344061576720596
"260",0.40498342534004
"261",0.510171506764906
"262",0.430150536737893
"263",2
"264",0.376522453124941
"265",2
"266",0.50059266544166
"267",0.102824719347259
"268",0.248776985413311
"269",0.00028350041371905
"270",0.726566426596055
"271",0.853395986344242
"272",0.215487795203114
"273",0.468251572917744
"274",0.0731986241235701
"275",0.764905084108575
"276",0.397385074708503
"277",0.133638187153681
"278",0.208902352699132
"279",0.300675070002207
"280",0.485240284577517
"281",0.767109955932325
"282",0.814922161298672
"283",0.480614968749604
"284",0.348379689282774
"285",0.662020610069924
"286",0.165672360295462
"287",0.780023090106957
"288",0.0417763015167169
"289",2
"290",0.00600129054633939
"291",0.439947610635813
"292",0.535646353682847
"293",0.417563750942592
"294",0.188542699224463
"295",0.917040939391244
"296",2
"297",0.419057527439013
"298",0.0119157816219818
"299",0.000876003036284772
"300",0.53927632196275
"301",0.75192023422336
"302",0.461640781116224
"303",0.439267611072273
"304",0.509038831331998
"305",0.595125761340155
"306",0.024805180337632
"307",0.59891755724721
"308",0.338528441473798
"309",0.782299673577961
"310",0.699025392409936
"311",0.443103013937391
"312",2
"313",0.0492879904517235
"314",0.571670181835434
"315",0.206464475624023
"316",0.308894427548479
"317",0.705870288701429
"318",0.269504869572549
"319",0.678377530100572
"320",0.851941573196033
"321",0.393684217890728
"322",0.606375001357755
"323",2
"324",0.538635679124817
"325",2
"326",0.308867951798158
"327",0.638326409500728
"328",0.619633802308329
"329",0.629805186103266
"330",2
"331",0.848580726121349
"332",0.326598482209389
"333",0.404575975468843
"334",2
"335",0.076848285574619
"336",2
"337",0.459685639649804
"338",2
"339",2
"340",0.505638561011165
"341",0.62542828791216
"342",2
"343",0.465876465423751
"344",2
"345",0.701739379057676
"346",0.0322604816042309
"347",0.794775962724538
"348",0.867442300524294
"349",0.181315309408826
"350",0.236511173677285
"351",0.719160154296179
"352",0.860044183975097
"353",0.466843463549426
"354",0.0131812728256187
"355",0.144990670182008
"356",0.771607356036662
"357",2
"358",0.797925143650319
"359",0.713394690197806
"360",2
"361",2
"362",0.58465204763534
"363",0.0887495196289347
"364",0.726306624159984
"365",0.31456524798398
"366",0.417489402796778
"367",2
"368",1.46783462101025e-08
"369",0.925789816816823
"370",0.340500177413684
"371",0.462235850924561
"372",0.520020154913384
"373",0.643305433134169
"374",0.280892282912844
"375",0.0940441996682955
"376",2
"377",2
"378",2
"379",2
"380",2
"381",0.291740979497987
"382",0.666769656552709
"383",0.673893638972767
"384",2
"385",0.807850842628893
"386",2
"387",6.95232735120255e-05
"388",0.9531452314179
"389",0.519584820421454
"390",0.668315225701139
"391",0.277744947945618
"392",0.0295775142447777
"393",0.4496405970937
"394",2
"395",2
"396",2
"397",0.589913873657047
"398",0.86287945752885
"399",0.644829094086116
"400",2
"401",2
"402",0.360749353504907
"403",0.754771997532342
"404",0.103588877839212
"405",2
"406",0.484479766665761
"407",0.605350771981603
"408",2
"409",0.754749479218782
"410",0.836639203236349
"411",0.84248704563915
"412",2
"413",0.370348413458474
"414",0.451852821229706
"415",0.846333502519809
"416",0.163703780213009
"417",0.163029866106201
"418",0.401149133346217
"419",0.00290899786918084
"420",0.167442113031321
"421",2
"422",0.10824884215294
"423",2
"424",0.841881622803681
"425",0.127568955834349
"426",2
"427",0.529568472007985
"428",2
"429",0.00453477763277152
"430",2
"431",0.840128185354446
"432",0.185222720789792
"433",0.845904985496628
"434",0.547669535695457
"435",0.774499569897966
"436",0.381847357688248
"437",0.622168939683211
"438",0.4194834267374
"439",0.49895367485411
"440",0.503411454301211
"441",0.780577345854799
"442",0.331736267988985
"443",0.280791462009921
"444",0.255667549354251
"445",0.000308095364387175
"446",0.554412988508904
"447",0.317467903726023
"448",0.5497139983241
"449",0.327719306585778
"450",0.786972911380488
"451",0.748253371435131
"452",9.97559999476231e-09
"453",0.659341943384467
"454",0.841348154923494
"455",2
"456",0.797664864081025
"457",2
"458",2
"459",2
"460",2
"461",0.714149580342797
"462",2
"463",2
"464",0.213099765567932
"465",0.00160076377949278
"466",0.217006800893502
"467",0.821621460906851
"468",0.112170903964843
"469",0.707775031944554
"470",2
"471",0.693527485911444
"472",0.597580322538718
"473",2
"474",2
"475",0.654574406513231
"476",0.853109239084314
"477",0.170059607523163
"478",0.202445797009503
"479",2
"480",2
"481",0.385401841281913
"482",0.231719912361536
"483",2
"484",2
"485",0.567041546493912
"486",2
"487",2
"488",2
"489",0.0182862188641621
"490",2
"491",2
"492",0.843082086250751
"493",0.11471831550715
"494",2
"495",2
"496",0.435864535940217
"497",0.75102251105537
"498",0.387467339149043
"499",2
"500",0.448892959925024
"501",2
"502",2
"503",0.267108411383365
"504",0.802462468876325
"505",0.890630511735652
"506",2
"507",0.00850554867463552
"508",2
"509",0.727463925825129
"510",2
"511",2
"512",2
"513",2
"514",0.00944609258281765
"515",0.824237675880637
"516",2
"517",0.128643937707061
"518",0.17229683809632
"519",0.724251848369908
"520",2
"521",0.353375991224245
"522",0.550716073545981
"523",0.78210471138846
"524",2
"525",0.822245917350647
"526",0.84418022877422
"527",0.00109777010892871
"528",0.739203521736201
"529",0.448170893157865
"530",2
"531",2
"532",2
"533",0.909845422321143
"534",2
"535",2
"536",9.4028904316106e-06
"537",0.04370286283462
"538",2
"539",2
"540",2
"541",0.595207083882035
"542",2
"543",2
"544",0.079794339361807
"545",2
"546",2
"547",2
"548",0.0815256727442055
"549",0.804439430969028
"550",0.794644762889514
"551",0.93313030312552
"552",2
"553",0.489530110578114
"554",0.478723083910053
"555",0.609678142029189
"556",0.773243015049355
"557",2
"558",0.287122365571111
"559",2
"560",0.884530458402534
"561",0.280898450942062
"562",0.486028460260172
"563",0.596348794497821
"564",2
"565",2
"566",2
"567",0.654875381198365
"568",0.749188247768074
"569",0.930321852043716
"570",0.232093287985059
"571",2
"572",0.818006881562857
"573",2
"574",0.805201588818204
"575",2
"576",0.807329704556278
"577",2
"578",2
"579",2
"580",0.0698406602517394
"581",2
"582",0.958384037232332
"583",0.172133675973954
"584",2
"585",0.701865336868658
"586",0.860061842631536
"587",0.674280155721341
"588",0.58931266554956
"589",0.881595980417111
"590",0.603154389106159
"591",2
"592",0.111871991230432
"593",2
"594",0.946738097714251
"595",2
"596",0.293757936183636
"597",2
"598",2
"599",2
"600",0.774896312247089
"601",2
"602",2
"603",0.66134166894505
"604",2
"605",2
"606",2
"607",2
"608",2
"609",2
"610",0.720108253201905
"611",2
"612",0.816072703327015
"613",2
"614",0.489332091975789
"615",0.776512561830452
"616",2
"617",2
"618",0.0574507710843258
"619",2
"620",2
"621",0.594985959374094
"622",0.536278795194016
"623",2
"624",0.89145737379376
"625",2
"626",0.318507538708062
"627",2
"628",0.785298538529664
"629",0.298363817998273
"630",2
"631",0.73261963096055
"632",2
"633",2
"634",2
"635",2
"636",2
"637",2
"638",0.92256536078347
"639",6.39218156484719e-07
"640",2
"641",2
"642",0.878265506360368
"643",0.69989647927019
"644",2
"645",0.472099147907713
"646",0.450382364138315
"647",0.935473637270844
"648",2
"649",2
"650",0.280021782208266
"651",2
"652",2
"653",2
"654",0.64880404735902
"655",0.780483770618748
"656",2
"657",2
"658",0.782570978259122
"659",0.521958853667617
"660",2
"661",0.809242215641563
"662",2
"663",2
"664",2
"665",2
"666",0.272251871254209
"667",2
"668",0.743984149277122
"669",2
"670",2
"671",2
"672",2
"673",0.64564057221736
"674",0.725242737168663
"675",0.743204872077516
"676",0.481535272278104
"677",0.0014935098847067
"678",2
"679",0.16211773720026
"680",1.06552791730515e-16
"681",2
"682",2
"683",2
"684",2
"685",2
"686",2
"687",2
"688",2
"689",2
"690",2
"691",0.173627977020743
"692",2
"693",2
"694",0.235273143762017
"695",2
"696",0.702642686051491
"697",2
"698",2
"699",2
"700",2
"701",0.860764294194251
"702",2
"703",2
"704",2
"705",2
"706",0.680868287749924
"707",2
"708",2
"709",2
"710",2
"711",2
"712",2
"713",2
"714",2
"715",0.802470285982592
"716",0.314388425708539
"717",2
"718",0.347791439764026
"719",2
"720",2
"721",2
"722",2
"723",2
"724",2
"725",2
"726",2
"727",2
"728",2
"729",0.938096098263729
"730",2
"731",2
"732",2
"733",0.679339900579547
"734",0.613434679289809
"735",0.711862034240184
"736",0.456350213776487
"737",2
"738",2
"739",0.647990932210676
"740",2
"741",0.873351416519673
"742",2
"743",0.0980464795075424
"744",0.518944978978796
"745",2
"746",2
"747",2
"748",2
"749",2
"750",0.519978829300112
"751",2
"752",2
"753",0.777258220091448
"754",2
"755",2
"756",2
"757",0.961796635540865
"758",0.442321068916813
"759",2
"760",2
"761",2
"762",2
"763",0.853031349989959
"764",2
"765",0.0245516868002495
"766",2
"767",2
"768",2
"769",0.107086914375109
"770",2
"771",2
"772",2
"773",2
"774",2
"775",2
"776",2
"777",0.796671156399123
"778",2
"779",2
"780",0.744251891196568
"781",2
"782",2
"783",0.79176915363068
"784",2
"785",2
"786",0.968726339752774
"787",2
"788",2
"789",2
"790",2
"791",2
"792",2
"793",2
"794",2
"795",0.38052604778196
"796",2
"797",0.721106405230717
"798",0.0667653088627495
"799",0.791345991875662
"800",0.810067089864828
"801",2
"802",2
"803",0.313065350891378
"804",0.000302928150249757
"805",0.542404233016968
"806",2
"807",2
"808",2
"809",2
"810",0.0507190817062807
"811",0.622966810396789
"812",2
"813",2
"814",2
"815",2
"816",2
"817",2
"818",2
"819",2
"820",0.732162283760572
"821",2
"822",2
"823",2
"824",0.890003104339217
"825",2
"826",0.749612841964529
"827",0.809214816609501
"828",2
"829",2
"830",2
"831",2
"832",0.0927159962652741
"833",2
"834",2
"835",2
"836",2
"837",2
"838",0.0182210863896392
"839",2
"840",2
"841",0.6659508184954
"842",2
"843",0.0451236936039164
"844",2
"845",0.906667560188187
"846",2
"847",9.08081201518071e-05
"848",0.241535607839191
"849",2
"850",2
"851",2
"852",2
"853",2
"854",2
"855",0.879318988598897
"856",0.826460351352272
"857",0.0744921515988852
"858",2
"859",2
"860",0.67910077953252
"861",0.64209009605644
"862",2
"863",2
"864",2
"865",2
"866",0.270879654007002
"867",2
"868",0.714308619479548
"869",2
"870",2
"871",2
"872",2
"873",2
"874",2
"875",2
"876",2
"877",2
"878",2
"879",2
"880",0.19383949018435
"881",2
"882",2
"883",0.893122170525129
"884",2
"885",2
"886",0.169647269971248
"887",2
"888",2
"889",2
"890",0.359146759706727
"891",2
"892",2
"893",0.61552500004866
"894",2
"895",2
"896",2
"897",2
"898",2
"899",0.550098974727731
"900",0.708388110986877
"901",0.219450115017405
"902",2
"903",2
"904",2
"905",0.0820056834128445
"906",2
"907",2
"908",0.795737783095417
"909",2
"910",2
"911",2
"912",0.558279572902418
"913",2
"914",0.629703919616011
"915",0.704344158585941
"916",2
"917",0.309531340320603
"918",0.0044908670707395
"919",2
"920",2
"921",2
"922",2
"923",2
"924",2
"925",2
"926",2
"927",2
"928",2
"929",0.507822084924274
"930",2
"931",2
"932",0.502147255048952
"933",2
"934",2
"935",2
"936",3.55676083913366e-05
"937",0.782545522243342
"938",2
"939",2
"940",2
"941",0.608205746828642
"942",2
"943",0.80034284606822
"944",2
"945",2
"946",2
"947",0.535494939408904
"948",2
"949",2
"950",2
"951",2
"952",2
"953",0.900138940547891
"954",0.100100996667326
"955",2
"956",2
"957",2
"958",2
"959",2
"960",0.838366969734435
"961",2
"962",2
"963",2
"964",0.943956185219421
"965",2
"966",2
"967",2
"968",2
"969",2
"970",0.856606123158544
"971",2
"972",2
"973",0.465773552841668
"974",2
"975",2
"976",0.585727654880731
"977",2
"978",2
"979",2
"980",2
"981",0.596528292432204
"982",0.566871524760994
"983",2
"984",2
"985",2
"986",0.460454170112197
"987",2
"988",0.722077254961803
"989",2
"990",2
"991",0.442996696524302
"992",0.531887184181207
"993",2
"994",0.276127185675166
"995",2
"996",0.61928683216596
"997",2
"998",2
"999",0.384866299978759
"1000",2
"1001",2
"1002",0.565955011688996
"1003",2
"1004",0.0643696806192043
"1005",2
"1006",0.891874688629404
"1007",2
"1008",2
"1009",2
"1010",2
"1011",0.361060150643267
"1012",2
"1013",2
"1014",0.686574181552261
"1015",2
"1016",2
"1017",2
"1018",2
"1019",0.817710148868733
"1020",2
"1021",2
"1022",2
"1023",2
"1024",0.839442618442239
"1025",0.13389436477877
"1026",2
"1027",2
"1028",0.70281529022712
"1029",0.0393534257099844
"1030",2
"1031",2
"1032",2
"1033",0.89457490364498
"1034",2
"1035",2
"1036",0.192241284026415
"1037",2
"1038",2
"1039",2
"1040",2
"1041",0.8819706439576
"1042",2
"1043",2
"1044",2
"1045",2
"1046",2
"1047",2
"1048",2
"1049",2
"1050",0.744804289057618
"1051",2
"1052",2
"1053",2
"1054",2
"1055",2
"1056",2
"1057",2
"1058",2
"1059",4.851503880162e-05
"1060",2
"1061",0.508533150550629
"1062",2
"1063",2
"1064",2
"1065",2
"1066",0.0376275518164117
"1067",2
"1068",2
"1069",2
"1070",2
"1071",2
"1072",2
"1073",2
"1074",2
"1075",2
"1076",2
"1077",2
"1078",2
"1079",2
"1080",0.807629862051966
"1081",2
"1082",2
"1083",2
"1084",2
"1085",7.37788141275487e-07
"1086",2
"1087",2
"1088",2
"1089",2
"1090",2
"1091",2
"1092",2
"1093",0.894555877973602
"1094",2
"1095",2
"1096",2
"1097",0.724133142678915
"1098",0.705957285250819
"1099",0.748357188867177
"1100",2
"1101",2
"1102",2
"1103",2
"1104",2
"1105",0.00560702930116288
"1106",2
"1107",2
"1108",2
"1109",2
"1110",2
"1111",2
"1112",2
"1113",2
"1114",0.445714354865775
"1115",2
"1116",0.041337784268776
"1117",0.0152219511608006
"1118",2
"1119",2
"1120",2
"1121",2
"1122",2
"1123",0.729267726084246
"1124",2
"1125",2
"1126",0.522831328909871
"1127",0.167052956926504
"1128",0.848966075226356
"1129",2
"1130",2
"1131",0.00248049993586103
"1132",2
"1133",2
"1134",2
"1135",2
"1136",0.757424956728836
"1137",2
"1138",2
"1139",2
"1140",2
"1141",2
"1142",2
"1143",2
"1144",0.30492469353822
"1145",2
"1146",2
"1147",2
"1148",2
"1149",0.929765902608282
"1150",2
"1151",0.68635553581934
"1152",2
"1153",2
"1154",2
"1155",0.218269934652544
"1156",0.956750837031511
"1157",2
"1158",2
"1159",1.75707513946405e-07
"1160",2
"1161",0.771247710702702
"1162",2
"1163",2
"1164",2
"1165",2
"1166",0.83692616267582
"1167",2
"1168",2
"1169",2
"1170",2
"1171",2
"1172",2
"1173",0.897323464486632
"1174",2
"1175",2
"1176",0.802831433088354
"1177",2
"1178",2
"1179",2
"1180",2
"1181",2
"1182",2
"1183",2
"1184",2
"1185",2
"1186",0.463055956521346
"1187",2
"1188",2
"1189",2
"1190",0.774288023231158
"1191",2
"1192",2
"1193",2
"1194",2
"1195",2
"1196",2
"1197",2
"1198",2
"1199",2
"1200",2
"1201",2
"1202",2
"1203",2
"1204",2
"1205",2
"1206",2
"1207",2
"1208",2
"1209",2
"1210",2
"1211",2
"1212",2
"1213",2
"1214",0.045306096836178
"1215",2
"1216",2
"1217",0.917509619007762
"1218",2
"1219",2
"1220",0.40797394853194
"1221",2
"1222",2
"1223",2
"1224",2
"1225",2
"1226",2
"1227",2
"1228",2
"1229",0.26460877675451
"1230",2
"1231",0.481559456417932
"1232",0.189861715508416
"1233",2
"1234",2
"1235",2
"1236",2
"1237",2
"1238",0.0226310210362755
"1239",2
"1240",2
"1241",2
"1242",2
"1243",2
"1244",2
"1245",2
"1246",2
"1247",2
"1248",2
"1249",2
"1250",2
"1251",2
"1252",2
"1253",2
"1254",2
"1255",2
"1256",0.11159800151643
"1257",2
"1258",2
"1259",2
"1260",2
"1261",2
"1262",2
"1263",2
"1264",2
"1265",2
"1266",2
"1267",0.843730051022192
"1268",2
"1269",0.644673859309107
"1270",2
"1271",2
"1272",2
"1273",2
"1274",2
"1275",2
"1276",2
"1277",2
"1278",2
"1279",0.118728997175844
"1280",2
"1281",2
"1282",2
"1283",2
"1284",2
"1285",2
"1286",2
"1287",0.0229821891622672
"1288",2
"1289",0.831145600443504
"1290",2
"1291",2
"1292",2
"1293",2
"1294",2
"1295",2
"1296",2
"1297",2
"1298",2
"1299",2
"1300",2
"1301",2
"1302",2
"1303",0.417511113989995
"1304",2
"1305",2
"1306",2
"1307",2
"1308",2
"1309",2
"1310",0.49893842288605
"1311",2
"1312",2
"1313",2
"1314",2
"1315",2
"1316",2
"1317",2
"1318",2
"1319",2
"1320",2
"1321",2
"1322",2
"1323",2
"1324",2
"1325",2
"1326",2
"1327",2
"1328",2
"1329",2
"1330",2
"1331",0.734571383578598
"1332",2
"1333",2
"1334",2
"1335",2
"1336",2
"1337",0.489128398160925
"1338",2
"1339",2
"1340",2
"1341",2
"1342",2
"1343",2
"1344",2
"1345",2
"1346",2
"1347",2
"1348",2
"1349",2
"1350",2
"1351",1.92092960748835e-24
"1352",2
"1353",0.209032928298348
"1354",2
"1355",2
"1356",2
"1357",2
"1358",2
"1359",2
"1360",2
"1361",2
"1362",2
"1363",2
"1364",0.604826450701839
"1365",2
"1366",2
"1367",2
"1368",2
"1369",2
"1370",2
"1371",2
"1372",2
"1373",2
"1374",2
"1375",0.0300449607117792
"1376",2
"1377",2
"1378",2
"1379",2
"1380",2
"1381",2
"1382",2
"1383",2
"1384",2
"1385",2
"1386",2
"1387",2
"1388",2
"1389",2
"1390",2
"1391",2
"1392",2
"1393",2
"1394",2
"1395",0.930444637477474
"1396",2
"1397",2
"1398",2
"1399",2
"1400",2
"1401",2
"1402",2
"1403",2
"1404",0.736248054071048
"1405",2
"1406",2
"1407",2
"1408",2
"1409",2
"1410",2
"1411",2
"1412",2
"1413",2
"1414",2
"1415",2
"1416",2
"1417",2
"1418",2
"1419",2
"1420",2
"1421",0.574071029374916
"1422",2
"1423",2
"1424",2
"1425",2
"1426",2
"1427",6.76307632955578e-19
"1428",0.142634086166926
"1429",2
"1430",2
"1431",0.899060808256299
"1432",2
"1433",2
"1434",0.0389760013186666
"1435",2
"1436",2
"1437",2
"1438",2
"1439",2
"1440",2
"1441",2
"1442",2
"1443",2
"1444",2
"1445",0.206179584108725
"1446",2
"1447",2
"1448",2
"1449",2
"1450",2
"1451",2
"1452",2
"1453",2
"1454",0.344335471283771
"1455",2
"1456",2
"1457",0.00208999442433985
"1458",2
"1459",2
"1460",2
"1461",2
"1462",2
"1463",2
"1464",2
"1465",2
"1466",2
"1467",2
"1468",2
"1469",2
"1470",2
"1471",2
"1472",2
"1473",2
"1474",0.451007304377274
"1475",2
"1476",2
"1477",2
"1478",2
"1479",2
"1480",2
"1481",0.607869884507041
"1482",2
"1483",2
"1484",9.06137358827357e-11
"1485",2
"1486",2
"1487",0.701273797080216
"1488",2
"1489",2
"1490",2
"1491",2
"1492",0.760055181190028
"1493",2
"1494",2
"1495",2
"1496",2
"1497",2
"1498",2
"1499",2
"1500",2
"1501",2
"1502",2
"1503",2
"1504",2
"1505",2
"1506",2
"1507",0.895571170765492
"1508",2
"1509",2
"1510",2
"1511",2
"1512",2
"1513",2
"1514",2
"1515",2
"1516",2
"1517",2
"1518",0.380238453668805
"1519",2
"1520",2
"1521",0.651635030272058
"1522",2
"1523",2
"1524",2
"1525",0.286596098954767
"1526",2
"1527",2
"1528",0.78653196368315
"1529",2
"1530",0.731010531598115
"1531",0.696991110633471
"1532",2
"1533",2
"1534",2
"1535",2
"1536",2
"1537",2
"1538",0.243164781451864
"1539",0.274279366325162
"1540",2
"1541",2
"1542",2
"1543",2
"1544",2
"1545",2
"1546",2
"1547",0.748617673718685
"1548",2
"1549",2
"1550",2
"1551",2
"1552",2
"1553",2
"1554",0.0106181153666049
"1555",2
"1556",2
"1557",5.04381592653965e-18
"1558",2
"1559",2
"1560",2
"1561",2
"1562",2
"1563",2
"1564",2
"1565",2
"1566",0.00639769765062125
"1567",2
"1568",2
"1569",2
"1570",2
"1571",2
"1572",2
"1573",2
"1574",2
"1575",2
"1576",2
"1577",2
"1578",2
"1579",2
"1580",2
"1581",0.336189950054453
"1582",0.0500493729880901
"1583",2
"1584",2
"1585",0.0893354220864818
"1586",2
"1587",2
"1588",2
"1589",2
"1590",2
"1591",0.203984682081894
"1592",2
"1593",2
"1594",2
"1595",2
"1596",0.225414681549209
"1597",2
"1598",2
"1599",2
"1600",7.93483492869196e-05
"1601",2
"1602",2
"1603",2
"1604",2
"1605",2
"1606",2
"1607",2
"1608",2
"1609",2
"1610",2
"1611",2
"1612",2
"1613",2
"1614",0.536034769552666
"1615",2
"1616",2
"1617",2
"1618",2
"1619",2
"1620",0.534273309847289
"1621",2
"1622",2
"1623",2
"1624",2
"1625",2
"1626",2
"1627",2
"1628",2
"1629",2
"1630",2
"1631",2
"1632",2
"1633",2
"1634",0.811055027035294
"1635",2
"1636",2
"1637",2
"1638",2
"1639",2
"1640",0.853185567729709
"1641",2
"1642",2
"1643",2
"1644",2
"1645",2
"1646",2
"1647",2
"1648",2
"1649",2
"1650",2
"1651",2
"1652",2
"1653",2
"1654",2
"1655",2
"1656",2
"1657",2
"1658",2
"1659",2
"1660",0.382927822030043
"1661",2
"1662",2
"1663",2
"1664",2
"1665",2
"1666",2
"1667",0.518964699857768
"1668",2
"1669",2
"1670",2
"1671",2
"1672",2
"1673",2
"1674",2
"1675",0.589123148958147
"1676",2
"1677",2
"1678",1.3380698479764e-22
"1679",0.0413820448632942
"1680",2
"1681",2
"1682",2
"1683",0.84934502800803
"1684",2
"1685",2
"1686",2
"1687",2
"1688",2
"1689",2
"1690",0.936839127340557
"1691",2
"1692",2
"1693",2
"1694",2
"1695",2
"1696",2
"1697",2
"1698",2
"1699",2
"1700",2
"1701",2
"1702",2
"1703",2
"1704",2
"1705",2
"1706",2
"1707",0.623340903780178
"1708",0.0166905882144308
"1709",2
"1710",0.149656789288656
"1711",2
"1712",2
"1713",2
"1714",2
"1715",0.423577088777988
"1716",0.860987703249544
"1717",2
"1718",2
"1719",2
"1720",2
"1721",2
"1722",2
"1723",0.692735828743308
"1724",2
"1725",2
"1726",2
"1727",2
"1728",2
"1729",2
"1730",2
"1731",2
"1732",2
"1733",2
"1734",2
"1735",2
"1736",2
"1737",2
"1738",2
"1739",2
"1740",2
"1741",2
"1742",0.406930396864562
"1743",2
"1744",2
"1745",2
"1746",2
"1747",2
"1748",2
"1749",2
"1750",2
"1751",2
"1752",2
"1753",0.336071682404318
"1754",2
"1755",2
"1756",2
"1757",2
"1758",2
"1759",2
"1760",0.204437571336335
"1761",2
"1762",2
"1763",2
"1764",2
"1765",2
"1766",2
"1767",2
"1768",2
"1769",2
"1770",2
"1771",2
"1772",0.246681846382543
"1773",2
"1774",2
"1775",2
"1776",0.472675814913675
"1777",0.010931630103172
"1778",2
"1779",2
"1780",2
"1781",2
"1782",2
"1783",2
"1784",0.127769771613669
"1785",2
"1786",2
"1787",2
"1788",2
"1789",2
"1790",2
"1791",2
"1792",2
"1793",2
"1794",2
"1795",2
"1796",0.659122071230322
"1797",2
"1798",2
"1799",7.67554783586032e-11
"1800",2
"1801",0.749642511670935
"1802",2
"1803",2
"1804",2
"1805",2
"1806",2
"1807",2
"1808",2
"1809",2
"1810",0.736209432495132
"1811",2
"1812",2
"1813",2
"1814",2
"1815",2
"1816",2
"1817",2
"1818",2
"1819",2
"1820",2
"1821",2
"1822",2
"1823",2
"1824",2
"1825",2
"1826",2
"1827",2
"1828",2
"1829",2
"1830",2
"1831",2
"1832",2
"1833",2
"1834",2
"1835",5.2193252302608e-08
"1836",2
"1837",2
"1838",2
"1839",2
"1840",2
"1841",2
"1842",2
"1843",2
"1844",2
"1845",9.73723049082813e-08
"1846",2
"1847",2
"1848",2
"1849",0.638887326727267
"1850",2
"1851",2
"1852",2
"1853",0.223237436283589
"1854",3.05824836549122e-24
"1855",2
"1856",2
"1857",2
"1858",2
"1859",2
"1860",2
"1861",0.0910515743244744
"1862",2
"1863",2
"1864",0.967686085922591
"1865",2
"1866",2
"1867",2
"1868",2
"1869",2
"1870",2
"1871",2
"1872",2
"1873",2
"1874",2
"1875",2
"1876",0.808472113296048
"1877",2
"1878",2
"1879",2
"1880",2
"1881",0.307424287555498
"1882",2
"1883",2
"1884",2
"1885",2
"1886",2
"1887",0.000165445977300631
"1888",0.0217807159364634
"1889",2
"1890",2
"1891",2
"1892",2
"1893",2
"1894",2
"1895",2
"1896",2
"1897",2
"1898",2
"1899",2
"1900",2
"1901",2
"1902",2
"1903",2
"1904",2
"1905",2
"1906",2
"1907",0.130094664518475
"1908",2
"1909",2
"1910",2
"1911",2
"1912",1.82301876245904e-15
"1913",2
"1914",2
"1915",2
"1916",2
"1917",2
"1918",2
"1919",2
"1920",2
"1921",2
"1922",2
"1923",2
"1924",2
"1925",2
"1926",2
"1927",2
"1928",2
"1929",2
"1930",2
"1931",2
"1932",2
"1933",2
"1934",2
"1935",2
"1936",2
"1937",2
"1938",2
"1939",2
"1940",2
"1941",2
"1942",2
"1943",2
"1944",2
"1945",2
"1946",2
"1947",2
"1948",2
"1949",2
"1950",2
"1951",2
"1952",2
"1953",2
"1954",2
"1955",2
"1956",2
"1957",2
"1958",2
"1959",2
"1960",2
"1961",2
"1962",2
"1963",2
"1964",2
"1965",0.433997083704333
"1966",2
"1967",2
"1968",0.0470589918263393
"1969",2
"1970",2
"1971",2
"1972",2
"1973",2
"1974",2
"1975",2
"1976",2
"1977",2
"1978",2
"1979",2
"1980",2
"1981",2
"1982",2
"1983",2
"1984",2
"1985",2
"1986",0.24556541177108
"1987",2
"1988",2
"1989",2
"1990",2
"1991",2
"1992",2
"1993",2
"1994",2
"1995",2
"1996",2
"1997",2
"1998",2
"1999",2
"2000",2
"2001",2
"2002",2
"2003",2
"2004",2
"2005",2
"2006",2
"2007",2
"2008",2
"2009",2
"2010",2
"2011",2
"2012",2
"2013",2
"2014",2
"2015",2
"2016",2
"2017",2
"2018",2
"2019",1.4817822180102e-16
"2020",2
"2021",2
"2022",2
"2023",2
"2024",2
"2025",2
"2026",2
"2027",2
"2028",2
"2029",0.568253431907955
"2030",0.696907004108153
"2031",2
"2032",2
"2033",0.195256682838934
"2034",2
"2035",2
"2036",2
"2037",2
"2038",2
"2039",0.314237170797213
"2040",2
"2041",2
"2042",2
"2043",2
"2044",2
"2045",0.0876823547901398
"2046",2
"2047",0.225008749984308
"2048",2
"2049",2
"2050",2
"2051",2
"2052",2
"2053",2
"2054",2
"2055",2
"2056",2
"2057",2
"2058",2
"2059",0.0317032555784403
"2060",2
"2061",2
"2062",2
"2063",2
"2064",2
"2065",2
"2066",2
"2067",2
"2068",2
"2069",2
"2070",2
"2071",1.06864990701876e-05
"2072",2
"2073",2
"2074",2
"2075",2
"2076",2
"2077",2
"2078",2
"2079",2
"2080",2
"2081",2
"2082",2
"2083",2
"2084",2
"2085",2
"2086",2
"2087",2
"2088",4.10370289879606e-18
"2089",2
"2090",2
"2091",2
"2092",2
"2093",2
"2094",2
"2095",0.263287474309558
"2096",2
"2097",2
"2098",2
"2099",2
"2100",2
"2101",2
"2102",2
"2103",2
"2104",2
"2105",2
"2106",2
"2107",2
"2108",2
"2109",2
"2110",2
"2111",2
"2112",2
"2113",2
"2114",2
"2115",2
"2116",2
"2117",2
"2118",2
"2119",2
"2120",2
"2121",2
"2122",2
"2123",2
"2124",2
"2125",2
"2126",2
"2127",2
"2128",2
"2129",2
"2130",2
"2131",2
"2132",2
"2133",2
"2134",2
"2135",2
"2136",2
"2137",2
"2138",2
"2139",2
"2140",2
"2141",2
"2142",2
"2143",2
"2144",1.81752878176767e-17
"2145",2
"2146",2
"2147",2
"2148",2
"2149",0.801336682704823
"2150",2
"2151",2
"2152",2
"2153",2
"2154",2
"2155",2
"2156",2
"2157",0.686318983129751
"2158",2
"2159",0.0246722636706171
"2160",2
"2161",2
"2162",0.57840497110805
"2163",2
"2164",2
"2165",2
"2166",0.118409689725646
"2167",2
"2168",0.480691512983096
"2169",2
"2170",2
"2171",2
"2172",2
"2173",2
"2174",2
"2175",2
"2176",2
"2177",2
"2178",2
"2179",2
"2180",0.724449696371138
"2181",2
"2182",0.295001167847257
"2183",2
"2184",2
"2185",2
"2186",2
"2187",2
"2188",2
"2189",2
"2190",2
"2191",2
"2192",2
"2193",2
"2194",0.0810283697416063
"2195",2
"2196",2
"2197",0.0344922920390926
"2198",2
"2199",2
"2200",2
"2201",2
"2202",2
"2203",2
"2204",2
"2205",2
"2206",2
"2207",2
"2208",2
"2209",2
"2210",0.0606990045371516
"2211",2
"2212",2
"2213",2
"2214",2
"2215",2
"2216",2
"2217",0.357775815933511
"2218",2
"2219",2
"2220",0.602917151926911
"2221",2
"2222",0.440765009151988
"2223",0.145647436829651
"2224",2
"2225",0.695945056959102
"2226",2
"2227",2
"2228",2
"2229",2
"2230",2
"2231",2
"2232",2
"2233",2
"2234",2
"2235",2
"2236",2
"2237",0.080450547279613
"2238",2
"2239",2
"2240",2
"2241",0.422424265952909
"2242",2
"2243",2
"2244",2
"2245",2
"2246",2
"2247",0.0299157712985981
"2248",2
"2249",0.365912567102896
"2250",2
"2251",2
"2252",2
"2253",0.449530490786248
"2254",2
"2255",2
"2256",2
"2257",2
"2258",2
"2259",2
"2260",2
"2261",2
"2262",2
"2263",2
"2264",2
"2265",2
"2266",0.0022441152882057
"2267",2
"2268",2
"2269",2
"2270",2
"2271",2
"2272",0.111234174666082
"2273",2
"2274",0.867775961684196
"2275",2
"2276",2
"2277",2
"2278",2
"2279",2
"2280",2
"2281",2
"2282",2
"2283",2
"2284",2
"2285",4.15100427373597e-10
"2286",2
"2287",2
"2288",2
"2289",2
"2290",2
"2291",2
"2292",2
"2293",2
"2294",2
"2295",2
"2296",2
"2297",2
"2298",0.392054367384315
"2299",2
"2300",2
"2301",2
"2302",2
"2303",2
"2304",2
"2305",2
"2306",2
"2307",2
"2308",2
"2309",2
"2310",2
"2311",2
"2312",2
"2313",2
"2314",2
"2315",2
"2316",2
"2317",2
"2318",2
"2319",2
"2320",2
"2321",2
"2322",2
"2323",4.06190284219431e-19
"2324",2
"2325",2
"2326",2
"2327",2
"2328",2
"2329",2
"2330",2
"2331",2
"2332",2
"2333",2
"2334",2
"2335",2
"2336",2
"2337",2
"2338",2
"2339",2
"2340",2
"2341",2
"2342",2
"2343",2
"2344",2
"2345",2
"2346",2
"2347",2
"2348",2
"2349",0.327771467443616
"2350",2
"2351",2
"2352",2
"2353",2
"2354",2
"2355",2
"2356",2
"2357",2
"2358",2
"2359",0.480711498115831
"2360",2
"2361",2
"2362",2
"2363",2
"2364",2
"2365",2
"2366",2
"2367",2
"2368",2
"2369",2
"2370",2
"2371",2
"2372",2
"2373",2
"2374",2
"2375",2
"2376",2
"2377",2
"2378",2
"2379",2
"2380",2
"2381",2
"2382",2
"2383",2
"2384",0.592129405441994
"2385",2
"2386",2
"2387",2
"2388",2
"2389",2
"2390",2
"2391",2
"2392",2
"2393",2
"2394",2
"2395",2
"2396",2
"2397",2
"2398",2
"2399",2
"2400",2
"2401",0.513358987701149
"2402",0.00123635494582521
"2403",2
"2404",2
"2405",2
"2406",2
"2407",2
"2408",7.48483496534411e-05
"2409",2
"2410",0.501010001818149
"2411",2
"2412",2
"2413",2
"2414",2
"2415",2
"2416",2
"2417",0.106367186914508
"2418",2
"2419",2
"2420",2
"2421",2
"2422",0.424985913932727
"2423",2
"2424",2
"2425",2
"2426",2
"2427",2
"2428",2
"2429",2
"2430",2
"2431",2
"2432",0.0135983055078621
"2433",2
"2434",0.0385193254133046
"2435",2
"2436",2
"2437",2
"2438",2
"2439",2
"2440",2
"2441",2
"2442",2
"2443",0.671302297263917
"2444",2
"2445",2
"2446",0.446336318011689
"2447",0.241332595678084
"2448",2
"2449",2
"2450",2
"2451",2
"2452",2
"2453",2
"2454",2
"2455",0.557851158929254
"2456",2
"2457",2
"2458",2
"2459",2
"2460",2
"2461",2
"2462",2
"2463",0.279322970446828
"2464",2
"2465",1.60705884942652e-09
"2466",2
"2467",2
"2468",2
"2469",2
"2470",2
"2471",2
"2472",2
"2473",2
"2474",2
"2475",2
"2476",2
"2477",2
"2478",0.451652749455366
"2479",2
"2480",2
"2481",2
"2482",2
"2483",2
"2484",2
"2485",2
"2486",2
"2487",2
"2488",2
"2489",2
"2490",2
"2491",2
"2492",2
"2493",2
"2494",2
"2495",2
"2496",2
"2497",2
"2498",2
"2499",2
"2500",0.0786579441856959
"2501",2
"2502",2
"2503",2
"2504",2
"2505",2
"2506",2
"2507",2
"2508",2
"2509",2
"2510",2
"2511",2
"2512",2
"2513",2
"2514",2
"2515",2
"2516",2
"2517",2
"2518",2.23117020774581e-15
"2519",2
"2520",2
"2521",0.264448674817535
"2522",2
"2523",2
"2524",2
"2525",2
"2526",2
"2527",0.304353426576126
"2528",2
"2529",2
"2530",2
"2531",2
"2532",2
"2533",2
"2534",2
"2535",2
"2536",2
"2537",2
"2538",2
"2539",2
"2540",2
"2541",2
"2542",2
"2543",0.731635594090247
"2544",2
"2545",2
"2546",2
"2547",0.89757409423512
"2548",2
"2549",2
"2550",2
"2551",2
"2552",2
"2553",2
"2554",2
"2555",2
"2556",2
"2557",2
"2558",2
"2559",2
"2560",2
"2561",2
"2562",2
"2563",2
"2564",2
"2565",0.510888200239952
"2566",2
"2567",2
"2568",2
"2569",2
"2570",2
"2571",2
"2572",2
"2573",2
"2574",2
"2575",2
"2576",2
"2577",2
"2578",2
"2579",2
"2580",2
"2581",2
"2582",0.0393952795226608
"2583",2
"2584",2
"2585",2
"2586",2
"2587",2
"2588",2
"2589",2
"2590",2
"2591",2
"2592",2
"2593",2
"2594",2
"2595",2
"2596",2
"2597",0.458375374469646
"2598",2
"2599",2
"2600",2
"2601",2
"2602",2
"2603",2
"2604",2
"2605",2
"2606",2
"2607",2
"2608",2
"2609",2
"2610",2
"2611",2
"2612",2
"2613",2
"2614",2
"2615",2
"2616",0.3903169399589
"2617",2
"2618",2
"2619",2
"2620",2
"2621",2
"2622",2
"2623",2
"2624",2
"2625",2
"2626",2
"2627",2
"2628",2
"2629",2
"2630",2
"2631",2
"2632",2
"2633",2
"2634",2
"2635",2
"2636",2
"2637",2
"2638",2
"2639",2
"2640",2
"2641",2
"2642",2
"2643",2
"2644",2
"2645",2
"2646",2
"2647",2
"2648",2
"2649",2
"2650",0.121616431511769
"2651",2
"2652",2
"2653",2
"2654",2
"2655",2
"2656",2
"2657",2
"2658",2
"2659",2
"2660",2
"2661",2
"2662",2
"2663",2
"2664",2
"2665",2
"2666",1.18777388504506e-16
"2667",2
"2668",2
"2669",2
"2670",2
"2671",2
"2672",2
"2673",2
"2674",2
"2675",2
"2676",2
"2677",2
"2678",4.20661460729893e-17
"2679",0.817341816101779
"2680",0.016164933917548
"2681",2
"2682",2
"2683",2
"2684",2
"2685",2
"2686",2
"2687",2
"2688",2
"2689",2
"2690",2
"2691",2
"2692",2
"2693",2
"2694",2
"2695",2
"2696",2
"2697",0.319511212817982
"2698",1.07547932665149e-21
"2699",0.634600948235373
"2700",0.177300820310435
"2701",2
"2702",2
"2703",2
"2704",2
"2705",2
"2706",2
"2707",2
"2708",2
"2709",2
"2710",2
"2711",2
"2712",2
"2713",2
"2714",2
"2715",2
"2716",2
"2717",2
"2718",2
"2719",0.0355611656563896
"2720",1.79856922801613e-20
"2721",0.805800402933067
"2722",2
"2723",2
"2724",2
"2725",2
"2726",2
"2727",2
"2728",2
"2729",2
"2730",2
"2731",2
"2732",2
"2733",2
"2734",2
"2735",2
"2736",2
"2737",2
"2738",2
"2739",2
"2740",2
"2741",2
"2742",2
"2743",2
"2744",2
"2745",2
"2746",2
"2747",2
"2748",0.865807899084329
"2749",2
"2750",2
"2751",2
"2752",2
"2753",2
"2754",2
"2755",2
"2756",2
"2757",2
"2758",2
"2759",2
"2760",2
"2761",2
"2762",2
"2763",2
"2764",2
"2765",2
"2766",2
"2767",2
"2768",2
"2769",2
"2770",4.73103864280162e-18
"2771",2
"2772",0.0115931906855723
"2773",2
"2774",2
"2775",2
"2776",2
"2777",2
"2778",2
"2779",2
"2780",2
"2781",2
"2782",2
"2783",2
"2784",2
"2785",2
"2786",2
"2787",2
"2788",2
"2789",2
"2790",2
"2791",2
"2792",2
"2793",2
"2794",2
"2795",2
"2796",2
"2797",2
"2798",0.000328049679908168
"2799",2
"2800",2
"2801",2
"2802",2
"2803",2
"2804",2
"2805",2
"2806",2
"2807",2
"2808",2
"2809",2
"2810",0.192323638964759
"2811",2
"2812",2
"2813",2
"2814",2
"2815",2
"2816",6.30596551890027e-09
"2817",2
"2818",0.223760879117415
"2819",2
"2820",2
"2821",2
"2822",0.342316612028041
"2823",0.67122006820051
"2824",2
"2825",2
"2826",2
"2827",2
"2828",2
"2829",2
"2830",2
"2831",0.00471107379967263
"2832",0.453837051700708
"2833",2
"2834",2
"2835",2
"2836",2
"2837",2
"2838",2
"2839",2
"2840",2
"2841",2
"2842",2
"2843",0.882369269793689
"2844",2
"2845",2
"2846",2
"2847",2
"2848",0.023064887223624
"2849",2
"2850",0.597431455297665
"2851",2
"2852",2
"2853",2
"2854",2
"2855",2
"2856",2
"2857",2
"2858",2
"2859",2
"2860",2
"2861",2
"2862",2
"2863",2
"2864",2
"2865",2
"2866",2
"2867",2
"2868",0.428542851273705
"2869",2
"2870",2
"2871",2
"2872",2
"2873",2
"2874",2
"2875",0.476611206115868
"2876",2
"2877",6.69832553555435e-07
"2878",2
"2879",2
"2880",2
"2881",2
"2882",2
"2883",2
"2884",2
"2885",2
"2886",2
"2887",2
"2888",0.0621761981697672
"2889",6.34534394558972e-07
"2890",2
"2891",2
"2892",2
"2893",2
"2894",2
"2895",2
"2896",2
"2897",2
"2898",2
"2899",2
"2900",2
"2901",2
"2902",2
"2903",2
"2904",2
"2905",2
"2906",2
"2907",2
"2908",2
"2909",2
"2910",2
"2911",2
"2912",2
"2913",2
"2914",2
"2915",2
"2916",2
"2917",2
"2918",2
"2919",2
"2920",2
"2921",2
"2922",2
"2923",2
"2924",0.138781875896635
"2925",0.0658034849131962
"2926",2
"2927",2
"2928",0.408928741077857
"2929",2
"2930",0.136218796238462
"2931",2
"2932",2
"2933",2
"2934",2
"2935",0.0516487369646805
"2936",0.222096558920938
"2937",2
"2938",2
"2939",2
"2940",2
"2941",2
"2942",2
"2943",2
"2944",2
"2945",2
"2946",2
"2947",2
"2948",2
"2949",2
"2950",6.49402260693369e-18
"2951",2
"2952",2
"2953",2
"2954",2
"2955",2
"2956",2
"2957",2
"2958",2
"2959",2
"2960",2
"2961",7.55721247247202e-09
"2962",2
"2963",2
"2964",2
"2965",2
"2966",2
"2967",2
"2968",2
"2969",2
"2970",2
"2971",2
"2972",2
"2973",2
"2974",2
"2975",2
"2976",2
"2977",2
"2978",2
"2979",2
"2980",2
"2981",2
"2982",2
"2983",2
"2984",0.0158687575159248
"2985",0.579295128792823
"2986",2
"2987",2
"2988",2
"2989",0.162590521057106
"2990",2
"2991",2
"2992",2
"2993",2
"2994",2
"2995",2
"2996",2
"2997",2
"2998",2
"2999",2
"3000",0.209975140189564
"3001",2
"3002",2
"3003",2
"3004",2
"3005",2
"3006",2
"3007",2
"3008",2
"3009",2
"3010",2
"3011",2
"3012",2
"3013",2
"3014",2
"3015",2
"3016",2
"3017",2
"3018",2
"3019",2
"3020",2
"3021",0.581446991204211
"3022",2
"3023",2
"3024",2
"3025",2
"3026",2
"3027",2
"3028",2
"3029",0.635690568697841
"3030",2
"3031",2
"3032",2
"3033",2
"3034",2
"3035",2
"3036",2
"3037",2
"3038",2
"3039",2
"3040",0.00613955080416954
"3041",2
"3042",2
"3043",2
"3044",2
"3045",2
"3046",2
"3047",2
"3048",0.640234523651286
"3049",2
"3050",2
"3051",0.350154328372932
"3052",2
"3053",2
"3054",2
"3055",2
"3056",2
"3057",2
"3058",2
"3059",2
"3060",2
"3061",2
"3062",2
"3063",2
"3064",2
"3065",2
"3066",2
"3067",0.368704363592374
"3068",2
"3069",2
"3070",2
"3071",2
"3072",2
"3073",2
"3074",2
"3075",0.248181656375029
"3076",2
"3077",2
"3078",2
"3079",2
"3080",2
"3081",2
"3082",2
"3083",2
"3084",2
"3085",2
"3086",2
"3087",2
"3088",2
"3089",2
"3090",2
"3091",2
"3092",2
"3093",2
"3094",2
"3095",2
"3096",2
"3097",2
"3098",2
"3099",2
"3100",2
"3101",2
"3102",2
"3103",2
"3104",2
"3105",2
"3106",2
"3107",0.523277930953247
"3108",2
"3109",2
"3110",2
"3111",2
"3112",2
"3113",2
"3114",2
"3115",2
"3116",2
"3117",2
"3118",6.87062837949187e-10
"3119",2
"3120",2
"3121",2
"3122",2
"3123",2
"3124",2
"3125",2
"3126",2
"3127",2
"3128",2
"3129",2
"3130",2
"3131",2
"3132",2
"3133",2
"3134",2
"3135",2
"3136",2
"3137",2
"3138",2
"3139",2
"3140",2
"3141",2
"3142",2
"3143",2
"3144",2
"3145",2
"3146",2
"3147",2
"3148",2
"3149",2
"3150",2
"3151",2
"3152",2
"3153",2
"3154",2
"3155",2
"3156",2
"3157",2
"3158",2
"3159",2
"3160",2
"3161",2
"3162",2
"3163",2
"3164",2
"3165",2
"3166",2
"3167",2
"3168",2
"3169",2
"3170",2
"3171",2
"3172",2
"3173",2
"3174",2
"3175",2
"3176",2
"3177",2
"3178",2
"3179",2
"3180",2
"3181",2
"3182",2
"3183",2
"3184",2
"3185",2
"3186",2
"3187",2
"3188",2
"3189",2
"3190",2
"3191",2
"3192",2
"3193",2
"3194",2
"3195",2
"3196",2
"3197",2
"3198",2
"3199",2
"3200",0.717145238837754
"3201",2
"3202",2
"3203",4.9642026378794e-05
"3204",2
"3205",2
"3206",2
"3207",2
"3208",2
"3209",2
"3210",2
"3211",2
"3212",0.000186613594859619
"3213",0.0808549668161111
"3214",0.25826778358968
"3215",2
"3216",2
"3217",0.546665331325062
"3218",2
"3219",2
"3220",2
"3221",2
"3222",2
"3223",0.185300296823876
"3224",2
"3225",2
"3226",2
"3227",2
"3228",2
"3229",2
"3230",2
"3231",0.0439469813210871
"3232",2
"3233",2
"3234",2
"3235",2
"3236",2
"3237",2
"3238",2
"3239",2
"3240",2
"3241",2
"3242",2
"3243",2
"3244",2
"3245",2
"3246",2
"3247",2
"3248",0.232148937137579
"3249",2
"3250",2
"3251",2
"3252",2
"3253",2
"3254",2
"3255",2
"3256",2
"3257",2
"3258",2
"3259",2
"3260",2
"3261",2
"3262",2
"3263",2
"3264",2
"3265",2
"3266",2
"3267",2
"3268",2
"3269",2
"3270",2
"3271",2
"3272",2
"3273",2
"3274",2
"3275",2
"3276",2
"3277",2
"3278",2
"3279",2
"3280",2
"3281",2
"3282",2
"3283",2
"3284",2
"3285",2
"3286",2
"3287",2
"3288",2
"3289",2
"3290",2
"3291",2
"3292",2
"3293",2
"3294",2
"3295",2
"3296",2
"3297",2
"3298",2
"3299",2
"3300",2
"3301",2
"3302",2
"3303",2
"3304",2
"3305",0.248962406103109
"3306",2
"3307",2
"3308",2
"3309",2
"3310",2
"3311",0.658317233567552
"3312",2
"3313",2
"3314",2
"3315",2
"3316",2
"3317",2
"3318",2
"3319",2
"3320",2
"3321",2
"3322",2
"3323",2
"3324",2
"3325",2
"3326",1.14351188731804e-05
"3327",2
"3328",2
"3329",2
"3330",2
"3331",0.512838655841653
"3332",2
"3333",2
"3334",2
"3335",0.30889781683669
"3336",2
"3337",2
"3338",0.603170917621245
"3339",2
"3340",2
"3341",2
"3342",2
"3343",2
"3344",2
"3345",2
"3346",2
"3347",2
"3348",2
"3349",2
"3350",2
"3351",2
"3352",2
"3353",2
"3354",2
"3355",2
"3356",2
"3357",2
"3358",2
"3359",0.00482198625351114
"3360",2
"3361",2
"3362",2
"3363",2
"3364",2
"3365",0.286078721207533
"3366",2
"3367",2
"3368",2
"3369",2
"3370",2
"3371",2
"3372",2
"3373",0.0591322134101688
"3374",2
"3375",2
"3376",2
"3377",0.352144891920339
"3378",2
"3379",0.342246900314654
"3380",2
"3381",2
"3382",2
"3383",2
"3384",2
"3385",2
"3386",2
"3387",2
"3388",2
"3389",2
"3390",2
"3391",0.193069291485239
"3392",2
"3393",2
"3394",2
"3395",2
"3396",2
"3397",2
"3398",2
"3399",2
"3400",2
"3401",2
"3402",2
"3403",2
"3404",2
"3405",0.498124299521506
"3406",2
"3407",1.37744895416199e-06
"3408",0.0489488989140667
"3409",2
"3410",2
"3411",2
"3412",2
"3413",2
"3414",2
"3415",2
"3416",2
"3417",2
"3418",2
"3419",2
"3420",0.164764125260762
"3421",2
"3422",2
"3423",2
"3424",2
"3425",2
"3426",2
"3427",2
"3428",2
"3429",2
"3430",2
"3431",2
"3432",2
"3433",0.848763888633578
"3434",2
"3435",0.203776568316461
"3436",2
"3437",2
"3438",2
"3439",2
"3440",2
"3441",2
"3442",2
"3443",2
"3444",2
"3445",2
"3446",2
"3447",2
"3448",2
"3449",2
"3450",2
"3451",2
"3452",2
"3453",0.000848296917499543
"3454",2
"3455",2
"3456",2
"3457",0.19106988076482
"3458",3.48685664936269e-17
"3459",2
"3460",2
"3461",2
"3462",2
"3463",0.00621372305244214
"3464",2
"3465",2
"3466",2
"3467",2
"3468",2
"3469",2
"3470",0.0125942103490551
"3471",2
"3472",2
"3473",2
"3474",2
"3475",2
"3476",2
"3477",0.0897289223707079
"3478",2
"3479",2
"3480",2
"3481",2
"3482",2
"3483",2
"3484",2
"3485",2
"3486",2
"3487",2
"3488",2
"3489",2
"3490",2
"3491",2
"3492",2
"3493",2
"3494",2
"3495",2
"3496",2
"3497",2
"3498",2
"3499",2
"3500",2
"3501",2
"3502",2
"3503",2
"3504",2
"3505",2
"3506",1.57168293129753e-09
"3507",2
"3508",2
"3509",2
"3510",2
"3511",2
"3512",0.0496911048649033
"3513",2
"3514",2
"3515",2
"3516",2
"3517",2
"3518",2
"3519",2
"3520",2
"3521",2
"3522",2
"3523",2
"3524",2
"3525",2
"3526",2
"3527",2
"3528",2
"3529",2
"3530",2
"3531",2
"3532",0.733179943404763
"3533",2
"3534",2
"3535",2
"3536",2
"3537",2
"3538",2
"3539",2
"3540",2
"3541",2
"3542",2
"3543",2
"3544",2
"3545",2
"3546",2
"3547",2
"3548",2
"3549",2
"3550",2
"3551",2
"3552",2
"3553",2
"3554",2
"3555",2
"3556",2
"3557",2
"3558",2
"3559",2
"3560",0.000151222112633938
"3561",2
"3562",2
"3563",2
"3564",2
"3565",2
"3566",2
"3567",2
"3568",2
"3569",2
"3570",2
"3571",2
"3572",0.393542940385252
"3573",2
"3574",2
"3575",2
"3576",2
"3577",2
"3578",2
"3579",2
"3580",2
"3581",2
"3582",0.00311774166998369
"3583",2
"3584",2
"3585",2
"3586",0.107301593068849
"3587",2
"3588",2
"3589",2
"3590",2
"3591",1.08502964216386e-12
"3592",2
"3593",2
"3594",2
"3595",2
"3596",2
"3597",2
"3598",2
"3599",2
"3600",2
"3601",2
"3602",2
"3603",2
"3604",2
"3605",2
"3606",2
"3607",2
"3608",2
"3609",2
"3610",2
"3611",2
"3612",2
"3613",2
"3614",2
"3615",2
"3616",2
"3617",2
"3618",2
"3619",2
"3620",2
"3621",2
"3622",0.00260822105946598
"3623",0.0798923811945321
"3624",2
"3625",2
"3626",2
"3627",2
"3628",2
"3629",2
"3630",2
"3631",2
"3632",2
"3633",2
"3634",2
"3635",2
"3636",2
"3637",2
"3638",2
"3639",2
"3640",2
"3641",2
"3642",2
"3643",2
"3644",2
"3645",2
"3646",2
"3647",2
"3648",2
"3649",2
"3650",2
"3651",2
"3652",2
"3653",2
"3654",2
"3655",2
"3656",2
"3657",2
"3658",2
"3659",2
"3660",2
"3661",2
"3662",2
"3663",2
"3664",0.309577328929026
"3665",2
"3666",2
"3667",2
"3668",2
"3669",2
"3670",2
"3671",2
"3672",2
"3673",2
"3674",2
"3675",2
"3676",2
"3677",2
"3678",2
"3679",2
"3680",2
"3681",0.00262523067533009
"3682",2
"3683",0.238332988252114
"3684",2
"3685",2
"3686",2
"3687",2
"3688",2
"3689",2
"3690",2
"3691",2
"3692",2
"3693",1.63352046819462e-20
"3694",2
"3695",2
"3696",2
"3697",2
"3698",0.188897683453063
"3699",2
"3700",2
"3701",2
"3702",2
"3703",2
"3704",2
"3705",0.00373761735969058
"3706",2
"3707",2
"3708",2
"3709",2
"3710",2
"3711",2
"3712",2
"3713",0.319631576903666
"3714",2
"3715",2
"3716",2
"3717",2
"3718",0.139114979974013
"3719",2
"3720",2
"3721",2
"3722",2
"3723",2
"3724",0.0268013573502811
"3725",2
"3726",2
"3727",0.0032245236988654
"3728",2
"3729",2
"3730",2
"3731",2
"3732",2
"3733",2
"3734",2
"3735",2
"3736",2
"3737",2
"3738",2
"3739",2
"3740",2
"3741",0.776700695775108
"3742",2
"3743",2
"3744",2
"3745",2
"3746",2
"3747",2
"3748",2
"3749",2
"3750",2
"3751",2
"3752",2
"3753",2
"3754",2
"3755",0.167219995480436
"3756",2
"3757",0.0520937853319471
"3758",2
"3759",0.0799517398751218
"3760",2
"3761",2
"3762",2
"3763",2
"3764",2
"3765",2
"3766",2
"3767",2
"3768",2
"3769",2
"3770",2
"3771",2
"3772",2
"3773",2
"3774",2
"3775",2
"3776",2
"3777",2
"3778",2
"3779",2
"3780",2
"3781",2
"3782",2
"3783",2
"3784",2
"3785",2
"3786",2
"3787",2
"3788",2
"3789",2
"3790",2
"3791",2
"3792",2
"3793",2
"3794",2
"3795",0.0800501470502421
"3796",2
"3797",2
"3798",2
"3799",2
"3800",2
"3801",2
"3802",2
"3803",2
"3804",2
"3805",2
"3806",2
"3807",2
"3808",2
"3809",2
"3810",2
"3811",2
"3812",2
"3813",2
"3814",2
"3815",2
"3816",2
"3817",0.24165476010809
"3818",2
"3819",2
"3820",2
"3821",2
"3822",2
"3823",2
"3824",2
"3825",2
"3826",2
"3827",2
"3828",2
"3829",2
"3830",2
"3831",2
"3832",2
"3833",2
"3834",2
"3835",4.16860012459718e-09
"3836",2
"3837",2
"3838",2
"3839",2
"3840",2
"3841",2
"3842",2
"3843",2
"3844",0.205101046122001
"3845",2
"3846",2
"3847",2
"3848",2
"3849",2
"3850",2
"3851",2
"3852",2
"3853",2
"3854",2
"3855",2
"3856",2
"3857",2
"3858",2
"3859",2
"3860",2
"3861",2
"3862",2
"3863",2
"3864",2
"3865",2
"3866",0.662343903888698
"3867",2
"3868",2
"3869",2
"3870",2
"3871",2
"3872",2
"3873",2
"3874",2
"3875",2
"3876",2
"3877",2
"3878",0.0892407870024626
"3879",2
"3880",2
"3881",1.38709672565089e-14
"3882",2
"3883",2
"3884",2
"3885",2
"3886",2
"3887",2
"3888",2
"3889",2
"3890",2
"3891",2
"3892",0.0205002566322536
"3893",2
"3894",2
"3895",2
"3896",2
"3897",2
"3898",2
"3899",2
"3900",2
"3901",2
"3902",2
"3903",2
"3904",2
"3905",2
"3906",2
"3907",2
"3908",2
"3909",2
"3910",2
"3911",2
"3912",2
"3913",2
"3914",2
"3915",2
"3916",2
"3917",2
"3918",2
"3919",0.101967331671382
"3920",2
"3921",2
"3922",2
"3923",2
"3924",2
"3925",2
"3926",0.246726958288851
"3927",2
"3928",2
"3929",2
"3930",2
"3931",2
"3932",2
"3933",2
"3934",2
"3935",2
"3936",2
"3937",2
"3938",2
"3939",2
"3940",2
"3941",2
"3942",2
"3943",2
"3944",2
"3945",2
"3946",2
"3947",2
"3948",2
"3949",2
"3950",2
"3951",2
"3952",2
"3953",2
"3954",2
"3955",2
"3956",0.434086459285534
"3957",2
"3958",2
"3959",2
"3960",2
"3961",2
"3962",0.490251794731294
"3963",0.537973211304931
"3964",2
"3965",2
"3966",2
"3967",2
"3968",2
"3969",2
"3970",2
"3971",2
"3972",2
"3973",2
"3974",2
"3975",2
"3976",2
"3977",2
"3978",2
"3979",2
"3980",2
"3981",2
"3982",2
"3983",2
"3984",2
"3985",2
"3986",2
"3987",2
"3988",1.11815200831136e-06
"3989",2
"3990",2
"3991",2
"3992",0.618480742716959
"3993",2
"3994",2
"3995",2
"3996",2
"3997",2
"3998",2
"3999",0.269630720148922
"4000",2
"4001",2
"4002",2
"4003",2
"4004",2
"4005",2
"4006",2
"4007",2
"4008",2
"4009",2
"4010",2
"4011",2
"4012",0.0438911150980401
"4013",2
"4014",2
"4015",2
"4016",2
"4017",2
"4018",2
"4019",2
"4020",2
"4021",2
"4022",2
"4023",2
"4024",0.0638269199832954
"4025",2
"4026",2
"4027",2
"4028",2
"4029",2
"4030",2
"4031",2
"4032",2
"4033",2
"4034",2
"4035",2
"4036",2
"4037",2
"4038",2
"4039",2
"4040",0.00122213813082373
"4041",2
"4042",2
"4043",2
"4044",2
"4045",2
"4046",2
"4047",2
"4048",2
"4049",2
"4050",2
"4051",2
"4052",2
"4053",2
"4054",2
"4055",2
"4056",2
"4057",2
"4058",2
"4059",2
"4060",2
"4061",2
"4062",2
"4063",2
"4064",2
"4065",2
"4066",2
"4067",2
"4068",2
"4069",2
"4070",2
"4071",2
"4072",2
"4073",2
"4074",2
"4075",2
"4076",2
"4077",2
"4078",2
"4079",2
"4080",2
"4081",2
"4082",2
"4083",2
"4084",2
"4085",2
"4086",2
"4087",2
"4088",2
"4089",2
"4090",2
"4091",2
"4092",0.0134545357668759
"4093",2
"4094",2
"4095",2
"4096",2
"4097",2
"4098",0.219793340095782
"4099",2
"4100",2
"4101",2
"4102",2
"4103",2
"4104",2
"4105",2
"4106",2
"4107",2
"4108",2
"4109",2
"4110",2
"4111",2
"4112",2
"4113",2
"4114",2
"4115",2
"4116",2
"4117",2
"4118",2
"4119",2
"4120",2
"4121",2
"4122",2
"4123",2
"4124",2
"4125",2
"4126",2
"4127",2
"4128",2
"4129",0.0653910223819871
"4130",2
"4131",2
"4132",2
"4133",2
"4134",2
"4135",2
"4136",0.288208944290678
"4137",2
"4138",2
"4139",2
"4140",0.811893539068264
"4141",2
"4142",2
"4143",2
"4144",2
"4145",2
"4146",2
"4147",2
"4148",2
"4149",2
"4150",3.57925938674667e-19
"4151",2
"4152",2
"4153",2
"4154",0.0592064323132709
"4155",2
"4156",2
"4157",2
"4158",0.675901462061652
"4159",2
"4160",0.377867816671284
"4161",2
"4162",2
"4163",2
"4164",2
"4165",0.534252261443825
"4166",2
"4167",2
"4168",2
"4169",2
"4170",2
"4171",2
"4172",2
"4173",2
"4174",2
"4175",2
"4176",2
"4177",2
"4178",0.347229158514995
"4179",2
"4180",2
"4181",2
"4182",2
"4183",2
"4184",2
"4185",2
"4186",2
"4187",2
"4188",2
"4189",2
"4190",2
"4191",2
"4192",2
"4193",2
"4194",2
"4195",2
"4196",2
"4197",2
"4198",2
"4199",2
"4200",2
"4201",2
"4202",0.10275739603022
"4203",2
"4204",2
"4205",2
"4206",2
"4207",2
"4208",2
"4209",2
"4210",2
"4211",2
"4212",2
"4213",2
"4214",2
"4215",2
"4216",2
"4217",2
"4218",2
"4219",2
"4220",2
"4221",2
"4222",2
"4223",2
"4224",2
"4225",2
"4226",2
"4227",2
"4228",2
"4229",2
"4230",2
"4231",2
"4232",0.0752921810223728
"4233",2
"4234",0.0331754978796308
"4235",2
"4236",2
"4237",2
"4238",2
"4239",0.0445637142688308
"4240",2
"4241",2
"4242",2
"4243",2
"4244",2
"4245",2
"4246",2
"4247",4.04849918627151e-09
"4248",2
"4249",2
"4250",0.121099948375039
"4251",2
"4252",2
"4253",2
"4254",2
"4255",2
"4256",2
"4257",2
"4258",2
"4259",2
"4260",2
"4261",2
"4262",2
"4263",2
"4264",2
"4265",2
"4266",2
"4267",2
"4268",2
"4269",2
"4270",2
"4271",0.239046452773684
"4272",2
"4273",2
"4274",2
"4275",2
"4276",2
"4277",2
"4278",2
"4279",2
"4280",2
"4281",2
"4282",2
"4283",2
"4284",2
"4285",2
"4286",2
"4287",2
"4288",2
"4289",2
"4290",2
"4291",0.691856766906574
"4292",2
"4293",2
"4294",2
"4295",2
"4296",2
"4297",2
"4298",2
"4299",2
"4300",2
"4301",2
"4302",2
"4303",2
"4304",2
"4305",2
"4306",2
"4307",2
"4308",2
"4309",2
"4310",2
"4311",0.00728388681726127
"4312",2
"4313",2
"4314",2
"4315",2
"4316",2
"4317",2
"4318",2
"4319",2
"4320",1.8887308177411e-20
"4321",2
"4322",0.100178137106351
"4323",2
"4324",2
"4325",2
"4326",2
"4327",2
"4328",0.62991480512644
"4329",2
"4330",2
"4331",2
"4332",0.173626159839956
"4333",2
"4334",0.480391054082019
"4335",2
"4336",2
"4337",2
"4338",2
"4339",2
"4340",2
"4341",2
"4342",0.847949447979162
"4343",2
"4344",2
"4345",2
"4346",2
"4347",2
"4348",2
"4349",2
"4350",2
"4351",2
"4352",2
"4353",2
"4354",2
"4355",2
"4356",2
"4357",2
"4358",2
"4359",2
"4360",0.0508755038206319
"4361",2
"4362",2
"4363",2
"4364",2
"4365",0.0666133932208479
"4366",2
"4367",2
"4368",2
"4369",3.13706397430658e-23
"4370",2
"4371",2
"4372",2
"4373",2
"4374",2
"4375",2
"4376",2
"4377",2
"4378",2
"4379",2
"4380",2
"4381",2
"4382",2
"4383",2
"4384",2
"4385",2
"4386",2
"4387",2
"4388",2
"4389",2
"4390",2
"4391",2
"4392",2
"4393",2
"4394",2
"4395",2
"4396",0.056818796809208
"4397",2
"4398",2
"4399",2
"4400",2
"4401",0.923018952960791
"4402",2
"4403",2
"4404",2
"4405",2
"4406",2
"4407",2
"4408",2
"4409",2
"4410",2
"4411",0.277201704768582
"4412",2
"4413",2
"4414",2
"4415",2
"4416",0.798822386333472
"4417",2
"4418",2
"4419",2
"4420",2
"4421",2
"4422",2
"4423",2
"4424",2
"4425",2
"4426",2
"4427",2
"4428",0.163734612403038
"4429",2
"4430",2
"4431",2
"4432",2
"4433",2
"4434",2
"4435",2
"4436",2
"4437",2
"4438",2
"4439",2
"4440",2
"4441",2
"4442",2
"4443",2
"4444",2
"4445",2
"4446",2
"4447",2
"4448",2
"4449",2
"4450",2
"4451",2
"4452",2
"4453",2
"4454",2
"4455",2
"4456",2
"4457",2
"4458",2
"4459",2
"4460",2
"4461",2
"4462",2
"4463",0.205985255417655
"4464",2
"4465",2
"4466",2
"4467",2
"4468",2
"4469",2
"4470",2
"4471",0.0350321254948554
"4472",2
"4473",2
"4474",2
"4475",2
"4476",2
"4477",2
"4478",2
"4479",2
"4480",2
"4481",2
"4482",2
"4483",2
"4484",2
"4485",2
"4486",2
"4487",2
"4488",2
"4489",2
"4490",2
"4491",2
"4492",2
"4493",2
"4494",2
"4495",2
"4496",2
"4497",2
"4498",2
"4499",2
"4500",2
"4501",0.317789815551946
"4502",2
"4503",2
"4504",0.0952937713089226
"4505",2
"4506",2
"4507",2
"4508",2
"4509",2
"4510",2
"4511",0.412272291495516
"4512",2
"4513",2
"4514",2
"4515",2
"4516",2
"4517",2
"4518",2.86206834957454e-15
"4519",2
"4520",2
"4521",2
"4522",2
"4523",2
"4524",2
"4525",2
"4526",2
"4527",2
"4528",2
"4529",2
"4530",0.00462431489993195
"4531",2
"4532",2
"4533",2
"4534",2
"4535",0.118560935287014
"4536",2
"4537",2
"4538",2
"4539",2
"4540",2
"4541",2
"4542",2
"4543",2
"4544",2
"4545",2
"4546",2
"4547",2
"4548",2
"4549",2
"4550",2
"4551",2
"4552",2
"4553",2
"4554",2
"4555",2
"4556",2
"4557",2
"4558",2
"4559",2
"4560",2
"4561",2
"4562",2
"4563",2
"4564",2
"4565",2
"4566",2
"4567",2
"4568",2
"4569",2
"4570",2
"4571",2
"4572",2
"4573",2
"4574",2
"4575",2
"4576",2
"4577",2
"4578",2
"4579",2
"4580",0.754297142861748
"4581",2
"4582",2
"4583",2
"4584",2
"4585",0.464127457810671
"4586",2
"4587",2
"4588",2
"4589",2
"4590",2
"4591",2
"4592",2
"4593",2
"4594",2
"4595",2
"4596",2
"4597",2
"4598",2
"4599",2
"4600",2
"4601",2
"4602",2
"4603",0.144918668555477
"4604",2
"4605",2
"4606",2
"4607",2
"4608",2
"4609",2
"4610",2
"4611",2
"4612",2
"4613",2
"4614",2
"4615",2
"4616",2
"4617",2
"4618",2
"4619",2
"4620",2
"4621",2
"4622",2
"4623",2
"4624",2
"4625",2
"4626",2
"4627",2
"4628",2
"4629",2
"4630",2
"4631",2
"4632",2
"4633",2
"4634",2
"4635",2
"4636",2
"4637",2
"4638",2
"4639",2
"4640",2
"4641",2
"4642",2
"4643",2
"4644",2
"4645",2
"4646",2
"4647",2
"4648",2
"4649",2
"4650",2
"4651",2
"4652",2
"4653",2
"4654",2
"4655",2
"4656",2
"4657",0.0326002863947083
"4658",2
"4659",2
"4660",2
"4661",2
"4662",2
"4663",2
"4664",2
"4665",2
"4666",2
"4667",2
"4668",2
"4669",2
"4670",2
"4671",2
"4672",2
"4673",2
"4674",1.05944089323642e-21
"4675",2
"4676",2
"4677",2
"4678",2
"4679",2
"4680",2
"4681",2
"4682",2
"4683",2
"4684",2
"4685",2
"4686",2
"4687",2
"4688",2
"4689",2
"4690",2
"4691",2
"4692",2
"4693",2
"4694",2
"4695",2
"4696",2
"4697",2
"4698",2
"4699",2
"4700",2
"4701",2
"4702",2
"4703",2
"4704",2
"4705",2
"4706",2
"4707",2
"4708",2
"4709",2
"4710",2
"4711",2
"4712",2
"4713",2
"4714",2
"4715",2
"4716",2
"4717",2
"4718",2
"4719",2
"4720",2
"4721",2
"4722",2
"4723",2
"4724",2
"4725",2
"4726",2
"4727",2
"4728",2
"4729",2
"4730",2
"4731",2
"4732",2
"4733",2
"4734",2
"4735",2
"4736",2
"4737",2
"4738",2
"4739",2
"4740",2
"4741",2
"4742",2
"4743",2
"4744",2
"4745",2
"4746",2
"4747",2
"4748",2
"4749",2
"4750",2
"4751",2
"4752",2
"4753",2
"4754",2
"4755",2
"4756",2
"4757",2
"4758",2
"4759",2
"4760",2
"4761",2
"4762",2
"4763",2
"4764",2
"4765",2
"4766",2
"4767",2
"4768",2
"4769",2
"4770",2
"4771",2
"4772",2
"4773",2
"4774",2
"4775",2
"4776",2
"4777",2
"4778",2
"4779",2
"4780",2
"4781",2
"4782",2
"4783",2
"4784",2
"4785",2
"4786",2
"4787",2
"4788",2
"4789",2
"4790",2
"4791",2
"4792",2
"4793",2
"4794",2
"4795",2
"4796",2
"4797",2
"4798",2
"4799",2
"4800",2
"4801",2
"4802",2
"4803",2
"4804",2
"4805",2
"4806",2
"4807",2
"4808",2
"4809",2
"4810",2
"4811",2
"4812",2
"4813",2
"4814",2
"4815",2
"4816",2
"4817",2
"4818",2
"4819",2
"4820",2
"4821",2
"4822",2
"4823",2
"4824",2
"4825",2
"4826",2
"4827",2
"4828",2
"4829",2
"4830",2
"4831",2
"4832",2
"4833",2
"4834",2
"4835",2
"4836",2
"4837",2
"4838",2
"4839",2
"4840",2
"4841",2
"4842",2
"4843",2
"4844",2
"4845",2
"4846",2
"4847",2
"4848",2
"4849",2
"4850",2
"4851",2
"4852",2
"4853",2
"4854",2
"4855",2
"4856",2
"4857",2
"4858",2
"4859",2
"4860",2
"4861",2
"4862",2
"4863",2
"4864",2
"4865",2
"4866",2
"4867",2
"4868",2
"4869",2
"4870",2
"4871",2
"4872",2
"4873",2
"4874",2
"4875",2
"4876",2
"4877",2
"4878",2
"4879",2
"4880",2
"4881",2
"4882",2
"4883",2
"4884",2
"4885",2
"4886",2
"4887",2
"4888",2
"4889",2
"4890",2
"4891",2
"4892",2
"4893",2
"4894",2
"4895",2
"4896",2
"4897",2
"4898",2
"4899",2
"4900",2
"4901",2
"4902",2
"4903",2
"4904",2
"4905",2
"4906",2
"4907",2
"4908",2
"4909",2
"4910",2
"4911",2
"4912",2
"4913",2
"4914",2
"4915",2
"4916",2
"4917",2
"4918",2
"4919",2
"4920",2
"4921",2
"4922",2
"4923",2
"4924",2
"4925",2
"4926",2
"4927",2
"4928",2
"4929",2
"4930",2
"4931",2
"4932",2
"4933",2
"4934",2
"4935",2
"4936",2
"4937",2
"4938",2
"4939",2
"4940",2
"4941",2
"4942",2
"4943",2
"4944",2
"4945",2
"4946",2
"4947",2
"4948",2
"4949",2
"4950",2
"4951",2
"4952",2
"4953",2
"4954",2
"4955",2
"4956",2
"4957",2
"4958",2
"4959",2
"4960",2
"4961",2
"4962",2
"4963",2
"4964",2
"4965",2
"4966",2
"4967",2
"4968",2
"4969",2
"4970",2
"4971",2
"4972",2
"4973",2
"4974",2
"4975",2
"4976",2
"4977",2
"4978",2
"4979",2
"4980",2
"4981",2
"4982",2
"4983",2
"4984",2
"4985",2
"4986",2
"4987",2
"4988",2
"4989",2
"4990",2
"4991",2
"4992",2
"4993",2
"4994",2
"4995",2
"4996",2
"4997",2
"4998",2
"4999",2
"5000",2
"5001",2
"5002",2
"5003",2
"5004",2
"5005",2
"5006",2
"5007",2
"5008",2
"5009",2
"5010",2
"5011",2
"5012",2
"5013",2
"5014",2
"5015",2
"5016",2
"5017",2
"5018",2
"5019",2
"5020",2
"5021",2
"5022",2
"5023",2
"5024",2
"5025",2
"5026",2
"5027",2
"5028",2
"5029",2
"5030",2
"5031",2
"5032",2
"5033",2
"5034",2
"5035",2
"5036",2
"5037",2
"5038",2
"5039",2
"5040",2
"5041",2
"5042",2
"5043",2
"5044",2
"5045",2
"5046",2
"5047",2
"5048",2
"5049",2
"5050",2
"5051",2
"5052",2
"5053",2
"5054",2
"5055",2
"5056",2
"5057",2
"5058",2
"5059",2
"5060",2
"5061",2
"5062",2
"5063",2
"5064",2
"5065",2
"5066",2
"5067",2
"5068",2
"5069",2
"5070",2
"5071",2
"5072",2
"5073",2
"5074",2
"5075",2
"5076",2
"5077",2
"5078",2
"5079",2
"5080",2
"5081",2
"5082",2
"5083",2
"5084",2
"5085",2
"5086",2
"5087",2
"5088",2
"5089",2
"5090",2
"5091",2
"5092",2
"5093",2
"5094",2
"5095",2
"5096",2
"5097",2
"5098",2
"5099",2
"5100",2
"5101",2
"5102",2
"5103",2
"5104",2
"5105",2
"5106",2
"5107",2
"5108",2
"5109",2
"5110",2
"5111",2
"5112",2
"5113",2
"5114",2
"5115",2
"5116",2
"5117",2
"5118",2
"5119",2
"5120",2
"5121",2
"5122",2
"5123",2
"5124",2
"5125",2
"5126",2
"5127",2
"5128",2
"5129",2
"5130",2
"5131",2
"5132",2
"5133",2
"5134",2
"5135",2
"5136",2
"5137",2
"5138",2
"5139",2
"5140",2
"5141",2
"5142",2
"5143",2
"5144",2
"5145",2
"5146",2
"5147",2
"5148",2
"5149",2
"5150",2
"5151",2
"5152",2
"5153",2
"5154",2
"5155",2
"5156",2
"5157",2
"5158",2
"5159",2
"5160",2
"5161",2
"5162",2
"5163",2
"5164",2
"5165",2
"5166",2
"5167",2
"5168",2
"5169",2
"5170",2
"5171",NA
"5172",2
"5173",2
"5174",2
"5175",2
"5176",2
"5177",2
"5178",2
"5179",2
"5180",2
"5181",2
"5182",2
"5183",2
"5184",2
"5185",2
"5186",2
"5187",2
"5188",2
"5189",2
"5190",2
"5191",2
"5192",2
"5193",2
"5194",2
"5195",2
"5196",NA
"5197",NA
"5198",NA
"5199",NA
"5200",NA
"5201",NA
"5202",NA
"5203",NA
"5204",NA
"5205",NA
"5206",NA
"5207",NA
"5208",2
"5209",2
"5210",2
"5211",2
"5212",2
"5213",2
"5214",2
"5215",2
"5216",2
"5217",2
"5218",2
"5219",2
"5220",2
"5221",2
"5222",2
"5223",2
"5224",2
"5225",2
"5226",2
"5227",2
"5228",2
"5229",2
"5230",2
"5231",2
"5232",2
"5233",2
"5234",2
"5235",2
"5236",NA
"5237",NA
"5238",NA
"5239",NA
"5240",NA
"5241",NA
"5242",NA
"5243",NA
"5244",NA
"5245",NA
"5246",NA
"5247",NA
"5248",NA
"5249",NA
"5250",NA
"5251",NA
"5252",NA
"5253",NA
"5254",NA
"5255",NA
"5256",NA
"5257",NA
"5258",NA
"5259",NA
"5260",NA
"5261",NA
"5262",NA
"5263",NA
"5264",NA
"5265",NA
"5266",NA
"5267",NA
"5268",NA
"5269",NA
"5270",NA
"5271",NA
"5272",NA
"5273",NA
"5274",NA
"5275",NA
"5276",NA
"5277",NA
"5278",NA
"5279",NA
"5280",NA
"5281",NA
"5282",NA
"5283",NA
"5284",NA
"5285",NA
"5286",NA
"5287",NA
"5288",NA
"5289",NA
"5290",NA
"5291",NA
"5292",NA
"5293",NA
"5294",NA
"5295",NA
"5296",NA
"5297",NA
"5298",NA
"5299",NA
"5300",NA
"5301",NA
"5302",NA
"5303",NA
"5304",NA
"5305",NA
"5306",NA
"5307",NA
"5308",NA
"5309",NA
"5310",NA
"5311",NA
"5312",NA
"5313",NA
"5314",NA
"5315",NA
"5316",NA
"5317",NA
"5318",NA
"5319",NA
"5320",NA
"5321",NA
"5322",NA
"5323",NA
"5324",NA
"5325",NA
"5326",NA
"5327",NA
"5328",NA
"5329",NA
"5330",NA
"5331",NA
"5332",NA
"5333",NA
"5334",NA
"5335",NA
"5336",NA
"5337",NA
"5338",NA
"5339",NA
"5340",NA
"5341",NA
"5342",NA
"5343",NA
"5344",NA
"5345",NA
"5346",NA
"5347",NA
"5348",NA
"5349",NA
"5350",NA
"5351",NA
"5352",NA
"5353",NA
"5354",NA
"5355",NA
"5356",NA
"5357",NA
"5358",NA
"5359",NA
"5360",NA
"5361",NA
"5362",NA
"5363",NA
"5364",NA
"5365",NA
"5366",NA
"5367",NA
"5368",NA
"5369",NA
"5370",NA
"5371",NA
"5372",NA
"5373",NA
"5374",NA
"5375",NA
"5376",NA
"5377",NA
"5378",NA
"5379",NA
"5380",NA
"5381",NA
"5382",NA
"5383",NA
"5384",NA
"5385",NA
"5386",NA
"5387",NA
"5388",NA
"5389",NA
"5390",NA
"5391",NA
"5392",NA
"5393",NA
"5394",NA
"5395",NA
"5396",NA
"5397",NA
"5398",NA
"5399",NA
"5400",NA
"5401",NA
"5402",NA
"5403",NA
"5404",NA
"5405",NA
"5406",NA
"5407",NA
"5408",NA
"5409",NA
"5410",NA
"5411",NA
"5412",NA
"5413",NA
"5414",NA
"5415",NA
"5416",NA
"5417",NA
"5418",NA
"5419",NA
"5420",NA
"5421",NA
"5422",NA
"5423",NA
"5424",NA
"5425",NA
"5426",NA
"5427",NA
"5428",NA
"5429",NA
"5430",NA
"5431",NA
"5432",NA
"5433",NA
"5434",NA
"5435",2
"5436",2
"5437",2
"5438",2
"5439",2
"5440",2
"5441",2
"5442",2
"5443",NA
"5444",NA
"5445",NA
"5446",NA
"5447",NA
"5448",NA
"5449",NA
"5450",NA
"5451",NA
"5452",NA
"5453",NA
"5454",NA
"5455",NA
"5456",NA
"5457",NA
"5458",NA
"5459",NA
"5460",NA
"5461",NA
"5462",NA
"5463",NA
"5464",NA
"5465",NA
"5466",NA
"5467",NA
"5468",NA
"5469",NA
"5470",NA
"5471",NA
"5472",NA
"5473",NA
"5474",NA
"5475",NA
"5476",NA
"5477",NA
"5478",NA
"5479",NA
"5480",NA
"5481",NA
"5482",NA
"5483",NA
"5484",NA
"5485",NA
"5486",NA
"5487",NA
"5488",NA
"5489",NA
"5490",NA
"5491",NA
"5492",NA
"5493",NA
"5494",NA
"5495",NA
"5496",NA
"5497",NA
"5498",NA
"5499",NA
"5500",NA
"5501",NA
"5502",NA
"5503",NA
"5504",NA
"5505",NA
"5506",NA
"5507",NA
"5508",NA
"5509",NA
"5510",NA
"5511",NA
"5512",NA
"5513",NA
"5514",NA
"5515",NA
"5516",NA
"5517",NA
"5518",NA
"5519",NA
"5520",NA
"5521",NA
"5522",NA
"5523",NA
"5524",NA
"5525",NA
"5526",NA
"5527",NA
"5528",NA
"5529",NA
"5530",NA
"5531",NA
"5532",NA
"5533",2
"5534",2
"5535",2
"5536",2
"5537",2
"5538",2
"5539",2
"5540",2
"5541",NA
"5542",NA
"5543",NA
"5544",NA
"5545",NA
"5546",NA
"5547",NA
"5548",NA
"5549",NA
"5550",NA
"5551",NA
"5552",NA
"5553",NA
"5554",NA
"5555",NA
"5556",NA
"5557",NA
"5558",NA
"5559",NA
"5560",NA
"5561",NA
"5562",NA
"5563",NA
"5564",NA
"5565",NA
"5566",NA
"5567",NA
"5568",NA
"5569",NA
"5570",NA
"5571",NA
"5572",NA
"5573",NA
"5574",NA
"5575",NA
"5576",NA
"5577",NA
"5578",NA
"5579",NA
"5580",NA
"5581",NA
"5582",NA
"5583",NA
"5584",NA
"5585",NA
"5586",NA
"5587",NA
"5588",NA
"5589",NA
"5590",NA
"5591",NA
"5592",NA
"5593",NA
"5594",NA
"5595",NA
"5596",NA
"5597",NA
"5598",NA
"5599",NA
"5600",NA
"5601",NA
"5602",NA
"5603",NA
"5604",NA
"5605",NA
"5606",NA
"5607",NA
"5608",NA
"5609",NA
"5610",NA
"5611",NA
"5612",NA
"5613",NA
"5614",NA
"5615",NA
"5616",NA
"5617",NA
"5618",NA
"5619",NA
"5620",NA
"5621",NA
"5622",NA
"5623",NA
"5624",NA
"5625",NA
"5626",NA
"5627",NA
"5628",NA
"5629",NA
"5630",NA
"5631",NA
"5632",NA
"5633",NA
"5634",NA
"5635",NA
"5636",NA
"5637",NA
"5638",NA
"5639",NA
"5640",NA
"5641",NA
"5642",NA
"5643",NA
"5644",NA
"5645",NA
"5646",NA
"5647",NA
"5648",NA
"5649",NA
"5650",NA
"5651",NA
"5652",NA
"5653",NA
"5654",NA
"5655",NA
"5656",NA
"5657",NA
"5658",NA
"5659",NA
"5660",NA
"5661",NA
"5662",NA
"5663",NA
"5664",NA
"5665",NA
"5666",NA
"5667",NA
"5668",NA
"5669",NA
"5670",NA
"5671",NA
"5672",NA
"5673",NA
"5674",NA
"5675",NA
"5676",NA
"5677",NA
"5678",NA
"5679",NA
"5680",NA
"5681",NA
"5682",NA
"5683",NA
"5684",NA
"5685",NA
"5686",NA
"5687",NA
"5688",NA
"5689",NA
"5690",NA
"5691",NA
"5692",NA
"5693",NA
"5694",NA
"5695",NA
"5696",NA
"5697",NA
"5698",NA
"5699",NA
"5700",NA
"5701",NA
"5702",NA
"5703",NA
"5704",NA
"5705",NA
"5706",NA
"5707",NA
"5708",NA
"5709",NA
"5710",NA
"5711",NA
"5712",NA
"5713",NA
"5714",NA
"5715",NA
"5716",NA
"5717",NA
"5718",NA
"5719",NA
"5720",NA
"5721",NA
"5722",NA
"5723",NA
"5724",NA
"5725",NA
"5726",NA
"5727",NA
"5728",NA
"5729",NA
"5730",NA
"5731",NA
"5732",NA
"5733",NA
"5734",NA
"5735",NA
"5736",NA
"5737",NA
"5738",NA
"5739",NA
"5740",NA
"5741",NA
"5742",NA
"5743",NA
"5744",NA
"5745",NA
"5746",NA
"5747",NA
"5748",NA
"5749",NA
"5750",NA
"5751",NA
"5752",NA
"5753",NA
"5754",NA
"5755",NA
"5756",NA
"5757",NA
"5758",NA
"5759",NA
"5760",NA
"5761",NA
"5762",NA
"5763",NA
"5764",NA
"5765",NA
"5766",NA
"5767",NA
"5768",NA
"5769",NA
"5770",NA
"5771",NA
"5772",NA
"5773",NA
"5774",NA
"5775",NA
"5776",NA
"5777",NA
"5778",NA
"5779",NA
"5780",NA
"5781",NA
"5782",NA
"5783",NA
"5784",NA
"5785",NA
"5786",NA
"5787",NA
"5788",NA
"5789",NA
"5790",NA
"5791",NA
"5792",NA
"5793",NA
"5794",NA
"5795",NA
"5796",NA
"5797",NA
"5798",NA
"5799",NA
"5800",NA
"5801",NA
"5802",NA
"5803",NA
"5804",NA
"5805",NA
"5806",NA
"5807",NA
"5808",NA
"5809",NA
"5810",NA
"5811",NA
"5812",NA
"5813",NA
"5814",NA
"5815",NA
"5816",NA
"5817",NA
"5818",NA
"5819",NA
"5820",NA
"5821",NA
"5822",NA
"5823",NA
"5824",NA
"5825",NA
"5826",NA
"5827",NA
"5828",NA
"5829",NA
"5830",NA
"5831",NA
"5832",NA
"5833",NA
"5834",NA
"5835",NA
"5836",NA
"5837",NA
"5838",NA
"5839",NA
"5840",NA
"5841",NA
"5842",NA
"5843",NA
"5844",NA
"5845",NA
"5846",NA
"5847",NA
"5848",NA
"5849",NA
"5850",NA
"5851",NA
"5852",NA
"5853",NA
"5854",NA
"5855",NA
"5856",NA
"5857",NA
"5858",NA
"5859",NA
"5860",NA
"5861",NA
"5862",NA
"5863",NA
"5864",NA
"5865",NA
"5866",NA
"5867",NA
"5868",NA
"5869",NA
"5870",NA
"5871",NA
"5872",NA
"5873",NA
"5874",NA
"5875",NA
"5876",NA
"5877",NA
"5878",NA
"5879",NA
"5880",NA
"5881",NA
"5882",NA
"5883",NA
"5884",NA
"5885",NA
"5886",NA
"5887",NA
"5888",NA
"5889",NA
"5890",NA
"5891",NA
"5892",NA
"5893",NA
"5894",2
"5895",2
"5896",2
"5897",2
"5898",2
"5899",2
"5900",2
"5901",2
